ee7e8186d9748e720d83a15fc17f672527b34fd7	refs/heads/acmm/actions-governance
2e2e31c803770a28faca4a6129c3e0fdcf793890	refs/heads/acmm/actions-quality-observability
85b37e33473ecd7ee89666115774c9858561a937	refs/heads/automatic-brew
62efd17482fc746f6293a8ed18f7ed0c5c3241c6	refs/heads/bugfix/set-secret-api-oauth
0a05b9bce5c3680d8d3c44b3350f8004c0cefd1b	refs/heads/checkpoint/cloud-handoff-21038a5b3f-20261010
d32241bbecb1fe09235f05bd1934b98163d3f844	refs/heads/checkpoint/cloud-handoff-2abcea4fc7-20261010
15abbada6a24d4259fe532cbc36445f62ba86561	refs/heads/checkpoint/cloud-handoff-41862a1ff0-20261010
244b5604bd1d67db1cab73c31b38ad594c0cd1c5	refs/heads/checkpoint/cloud-handoff-5420dc41db-20261010
2ef9023698e4ec6c906fb98d266516cfe817586d	refs/heads/checkpoint/cloud-handoff-874b304675-20261010
1d8722f1ff56ff8cb230cea189aed728fd559cca	refs/heads/checkpoint/cloud-handoff-a150ec1508-20261010
1010659b3342a6ff70cc46c2b53ea75694bd1d03	refs/heads/checkpoint/cloud-handoff-a783f2f83b-20261010
734795cb9ea3d1e7daeedc9efbd2a0345ed990ab	refs/heads/checkpoint/cloud-handoff-ca9c74aba3-20261010
7eca36abce160b68f616eab9b7fdc9c4e7f2b053	refs/heads/checkpoint/rcc-inspection-preparation-20261010
cb8eae681a1fcad2ce3f5a2b3a9e3e9ce3091a82	refs/heads/chore/0.19.0
2c746ab6a7a689a6ad8d45e25ba72014212d8dfe	refs/heads/chore/community-product-surface-cleanup
a83c3dcdbbabf12038667d1c274e9e812c31dc86	refs/heads/chore/update-versions
6324f17c3e6a400c608600b3c6ae04e1b739a837	refs/heads/codex/actions-work-items-0.3.0-release
b72a6dab273576d9311b88f03212c4c3c84861c3	refs/heads/codex/actions-work-items-0.4.0
f691e6e4c110218513059383120500da2a69a795	refs/heads/codex/actions-work-items-0.4.1-direct-file
b03ea27d13fe4dec2f47eb92510704a7800dc2b3	refs/heads/codex/work-items-readme-model
a70993fafc99a9f94041485542d5a720797ca394	refs/heads/community
d07f79b355f976f97948720474fd050d0a32ea16	refs/heads/convergence/actions-full-graph-20261008
8d3b9f23d39003997a9a945ea008482bcd149e7b	refs/heads/dependabot/npm_and_yarn/action_server/frontend/npm_and_yarn-af93afb32e
f5c881f09e3ea5ad07be69f4c59599abdc41bd56	refs/heads/dependabot/pip/actions/pip-1099dc578e
655b044a7bbe464eeebccb1a61a2833992e12d8a	refs/heads/devsy/coordinator-20261009
a63f714baf6bedb22dbadb65017c0a0a658e892e	refs/heads/devsy/native-auth-acceptance-20261009
29decdcb4ac6712f278b61e3722e0ad9217c60ba	refs/heads/devsy/native-distribution-20261009
ab74fedc658421d368dd1b1158b39973962ddd3c	refs/heads/devsy/rcc-generation-lifecycle-20261009
6a0db09d2623d084ae0de43f7ec7737bd28ea157	refs/heads/devsy/rcc-local-acceptance-20261009
969219e7aa398f61b11466a2dc16ac3143568ff5	refs/heads/devsy/rcc-narrow-acceptance-20261010
524e503b384a56bf854326c1f7f03833c60e6c53	refs/heads/devsy/workitems-consumer-acceptance-20261009
25026da07d6d8cb01ef2badbc21c059380bf6060	refs/heads/docs/api-source-links-20261009
a7eec7b1644183dc81e37e1ed9b7be20fa20c87e	refs/heads/docs/issue-100-authoring-decision-20261009
526c8cf4736213b85e8aeda95e9837cc8cd80096	refs/heads/docs/runtime-1.0.3-release-notes-20261009
57399b60496b98fea020f26e576d47bcb0d440bf	refs/heads/docs/upstream-reporting-policy-20261009
1a6e482988fdc87a37ff30f6ef85e2b1815b559e	refs/heads/evidence/issue-80-accepted-source-1a6e4829
430eec3645b898c95bd469a825b81e45857d26ee	refs/heads/evidence/issue-96-direction-a-d8f0244f
1eabc6de33f42d48d847d538505639d8c0ce304b	refs/heads/evidence/issue-96-direction-b-112eb5e3-r2
c0ee6c63d0ca09cae07bc2e9f5e2814b173ccca0	refs/heads/evidence/issue-96-direction-b-7171d899
a7a01392c28c41ae40d6be561652894be18e99c3	refs/heads/evidence/pr-114-visual-receipts
f24effb18bdc9328ec929102e04af9e827bbe747	refs/heads/factory/actions-runtime-release-convergence
5c8738c292baca534ec9653375c40086714b4832	refs/heads/factory/actions-runtime-release-hardening
a086c56a91c82ef7fee0c16383a8e103e2014d02	refs/heads/factory/issue-101-unsigned-recovery
c2b58675cbcaff4461fd5f2bfd6c421f6531c37a	refs/heads/factory/issue-102-prerequisites
1a556431f2be605d2b4b928e0596eb43718752d7	refs/heads/factory/issue-134-rcc-runtime-adapter
8c30779fd284c22c3fc978ca0850d8faacc43f94	refs/heads/factory/issue-148-safe-staging
3c5d9c82999e4d672c8d0ee8ba51733062bbf142	refs/heads/factory/issue-153-origin-policy
345aa907b3d62e8ca98bfb981e38e8e178754e7c	refs/heads/factory/issue-83-action-run-ownership
ba8fabf4a176776a115710b9a9932b91919084c0	refs/heads/factory/issue-84-shared-database
5bf35d2be87ff9e02f736a13dc28dd21898b9d35	refs/heads/factory/issue-86-artifact-storage
f33f427df2410151c6a1388176677d01fea060ab	refs/heads/factory/issue-88-mcp-gateway-metadata
acaf09833cb7b5e8f37b6f532efac088ebf2ac63	refs/heads/factory/issue-89-catalog-revisions
014f0591c315c5b0f3bd80f8c4d63030663537f5	refs/heads/factory/issue-94-frontend-topology
eb817cdc5481529cbe0e6e976c13725088d966db	refs/heads/factory/issue-95-runtime-data-access
d8f0244f437d8b26001c829e515117f838884e11	refs/heads/factory/issue-96-direction-a-instrument-console
112eb5e38fe2dd88863501878f5fb75af6fa6cff	refs/heads/factory/issue-96-direction-b-calm-workbench
3c215a89bc14bfe00b4cd0e3936bdb451d0a1e30	refs/heads/factory/issue-96-product-evidence-harness
b8f1ba19434e38d98cec997fdc95377d01b767da	refs/heads/factory/issue-96-runtime-shell
318c0996baa0e969309506005592c1679a9fc86b	refs/heads/factory/issue-97-ui-system
d666f57dd21ae4964af54fb9083cf7bfce46ce48	refs/heads/factory/issue-98-frontend-build
1e85622775695b0d0f0050372a066c734c68ed9c	refs/heads/factory/runtime-1.0.0-recovery-run-fix
3abce8d6d17b987d33d8d9b64f644c142402e61d	refs/heads/factory/runtime-1.0.0-recovery-run2-fix
1b3ba27ca3bb1f820a0400f6f9843080134d08fa	refs/heads/factory/runtime-1.0.0-tag-recovery
dc87e632102de03152777fc7db2c6be2b5f3ad9a	refs/heads/feat/actions-clean-break-core-runtime
5a4326b8d1a88982464c0eecfbac74705e52e3b0	refs/heads/feat/add-sema4-http-library
c734b9f850ec7b6bea8561b70312aca5c93dd6c1	refs/heads/feat/canvas-100b-typescript-roundtrip-20261010
691b9c8687d721b4769ab7719ced68bff18b002f	refs/heads/feat/canvas-template-20261010
2e0b1479892b77d159da7866f917b2b768e965c5	refs/heads/feat/community-robots-workitems
01ca087a8cb58798cbce729a107c55f4dab75cf1	refs/heads/feat/controlled-v2-compilation-20261010
58a7dcabb94ce7012f99446902bd4e5128cadb79	refs/heads/feat/deployment-values-20261010
fdc1b5480152cf94ec7ac23078abe277910510f6	refs/heads/feat/dev-680
bf6218d5a3978321f8157ed166ad8ea680928ed9	refs/heads/feat/display-name
9eb3d3f268ae47aecebf02ec6965564cc2393ea2	refs/heads/feat/oauth2-v2
0357585b51864e158f50c7479af001ba6daf5b06	refs/heads/feat/package-revision-schema-20261010
e7c42e94196beba04dbae85d8a38da78efd9767f	refs/heads/feat/portable-source-policy-20261010
7d0753eb03a480329bcef754f0c778d25a95bc74	refs/heads/feat/revoke
eaf2d505340eacfd3883a7b541fa7dec701fb91f	refs/heads/feat/roboto
3cad4fd6d9fb386451b3b76d7b1103256eec54e5	refs/heads/feat/run-output-transport-20261010
a116d597ed03bab5acd4986026b7430179d39b25	refs/heads/feat/set-secrets-post
4cad04ca0e70d219f53452fa5911c6d61192fd0d	refs/heads/feat/shared-run-output-20261010
375614e53f3120c74caf3b732306b13eab99ffee	refs/heads/feat/source-confined-read-20261010
fc582797cc754ae6dcf7602d98d6079f0004b29d	refs/heads/feat/source-confined-staging-20261010
b7ee6682e4d137eb5bd6ec408320751d7710ecc8	refs/heads/feat/temporal-integration
46b21dede67530f90a6d247949357320dfb154f3	refs/heads/feat/ui-oauth2
7acdad052cbb3d6cb7bad78267a119efac9a1457	refs/heads/feat/ui-oauth2-no-backend
fc09d0b26a80201587de310e24042787252ae3af	refs/heads/feature/coverage-20261008
79b95e85c6fc2e0dc335e1b6ca93f2c59a5091bd	refs/heads/feature/dakota-rcc-acceptance-20261008
49becb96767d4fc225fb9cb79162db9a9d1dafd8	refs/heads/feature/dakota-workitems-acceptance-20261008
8524e9c3e9bc35bfc17f70f887d9d0b680856af3	refs/heads/feature/database-acceptance-20261008
e4e54d31647b7d44cdd7c07d6006596186db8317	refs/heads/feature/deployment-20261008
6e94860c0b8fc2692727982a57ce635063c86ce4	refs/heads/feature/deployment-admission-20261009
948df916ebe8750caebc71cc821bb5b76f16c273	refs/heads/feature/issue-100a-public-mcp-app-authoring-20261009
4cc65b3eaa7558952391b085d147f8ce2f604fbd	refs/heads/feature/issue-91-issuer-guard-20261009
8e2655534e4f2eaaf8e5eb4e07fb033f2152e1d7	refs/heads/feature/issue-99a-query-renderer-20261009
9193989985de15dc6d5fecfd655042957cf9926c	refs/heads/feature/mcp-v2-showcase-template-20261009
7b13bb77601c917102e913f00f3faa27e78e22ea	refs/heads/feature/metadata
f8ccace43feaa52fd3bf376715efa9fa8cbcc5bb	refs/heads/feature/native-job-drain-20261008
03357c0b6edb84f3a6fd0f515e858c6dbfaf8100	refs/heads/feature/oauth2
28b021c6307c5c993f0ba2859d0da2ae3d9e8c94	refs/heads/feature/product-cleanup-20261008
2bbf3afceda39a0d8dfa4b9e1a3ed96f3ad9b61f	refs/heads/feature/roadmap-20261008
554630899c6eab23b922ba6558347e7f2c439c00	refs/heads/feature/tunnel-20261008
82f526efc741781b0a08649cd1ecf0f8d2579f0c	refs/heads/feature/tunnel-edge-verification-20261009
8013d17256f4b4c20cc4d36141c08bca2c964354	refs/heads/feature/workitems-native-artifact-manifest-20261009
d21aa370922ae9b63139c45eebfac63377c727a6	refs/heads/files-headers
639d61deebf00175e72da5b1cef2e5ab75df1326	refs/heads/fix/clear-stale-workitem-queue-env
961a813d34c39dc6b3820420f83268c0e708f319	refs/heads/fix/core-overload-format-20261009
077a2736c23cc5332ae9f8277de4ede1c5c8ae8e	refs/heads/fix/dakota-native-core-wheel-version-20261010
96da42fcfbb62f98f31ec11ab8871b55da422c05	refs/heads/fix/frozen-parent-pid-test-topology-20261010
553e20c45d7e5f49ac71876c97a35579acb33c73	refs/heads/fix/list-templates-contract-20261010
7ca665aaa4b180a78f532a4419e4d17bf4ced801	refs/heads/fix/mcp-alias-identity-20261010
d506a53f12c231bcc5902b6562c3de2c7ca6591f	refs/heads/fix/mcp-colliding-action-names-20261010
5efcfebf1c572808a441e2360d1c1e68a77020a9	refs/heads/fix/mcp-metadata-lint-docs-20261009
d0e12c1e1a256664b506cd8b027292062c6e1109	refs/heads/fix/mcp-resource-routing-history-20261010
78969ac65cea0576f9584d6a136cec6bebe0032b	refs/heads/fix/multipackage-import-repro-20261010
6f9b84867a4021e791a46c2c22f15f1b31fc7c2d	refs/heads/fix/pypi-project-identity
c1c33ce77895d7b522f2229524d386ed72f8ba3b	refs/heads/fix/rcc-harness-portability-20261010
e31506239fd0260d708a11440762537334f8d2d1	refs/heads/fix/rcc-published-artifact-details-20261010
42f9b8ef6575a8b955763d0000a6cdab4b8bf5eb	refs/heads/fix/retire-robocorp-cloud-gate-20261010
c6fd7c0089f588fa04d1087d5e454efb35143187	refs/heads/fix/runtime-golden-contracts-20261010
5b9c07176d41673832c23f0c7ea609931fa4223d	refs/heads/fix/runtime-recovery-publication
f7c6ed61f24fd9e98d1465c83042c5446466311b	refs/heads/fix/runtime-tests-integration-triggers-20261010
90f0d09e1da70e711e30352315797c74363dbba5	refs/heads/fix/runtime-watcher-shutdown-20261010
bf435498de94acc5e64f89dfe3dcd3916b5046f3	refs/heads/fix/runtime-wheel-test-interpreter-20261010
47f036c38a73532f51e270dccba37c822c85384a	refs/heads/fix/runtime-wrapper-exit-code-20261010
cce2ae20deb000d44999ec79cc16d824b0b839fa	refs/heads/fix/templates-published-core
54dae1c0a8383797fa99ba5c50e2a2cf2d829302	refs/heads/fix/tls-long-hostname-certificate-20261010
b67b99c15d77b213d0ea34eda0444b6a18b1c3d3	refs/heads/fix/tls-windows-proactor-teardown-20261010
653e1dc9597a120a4b3a7a21645f8a1e731c6695	refs/heads/fix/windows-artifact-binding-lock-20261009
369839b9c85f3be8ab8dd33024ae9b38d4ef14f7	refs/heads/fix/windows-artifact-drive-containment-20261010
6ece09c439d12e02bcbde9dcd2164956b97829e2	refs/heads/fix/windows-rcc-bundle-boundary-20261010
c6af71b8e3880b9d99f351ac4d17a99744114365	refs/heads/fix/windows-runtime-contract-tests-20261010
dc610f3ba14b9a64b7fd4b4bcb6ec1fccb00beab	refs/heads/fix/windows-runtime-typecheck-20261010
e4d7f19ba40b3ec5d898ac3a869ca122ec79e6b0	refs/heads/fix/windows-test-portability-20261010
def1a6bd07822ef8f45db45cd4e4eaa7fa628989	refs/heads/fix/workitems-acceptance-typecheck-20261010
5000fac1b43f7318cbbcccc470597d4c2ba1a298	refs/heads/fix/workitems-reservation-test-barrier-20261009
2ca38b8dd4932e8d3f00363dae1d9cb23f8e5681	refs/heads/fix/workitems-windows-acceptance-20261010
f3c120fce1afa40da702eb771e62346214f81450	refs/heads/hive/issue-129-capability-deployments
8af0e5627245d795a8ec6e2ddb3560d17fd42ca7	refs/heads/hive/issue-137-provenance-observability
cad7a9b4cdf1e918faac8e932d277f78d6a7329d	refs/heads/hive/issue-139-exact-subject-conformance
134dfbee08ef5a06664bcd1ed37bca0ea1a573b9	refs/heads/integration/cloud-admission-20261009
e032e95d38c91aead08d30b42ec7620b8ea726a4	refs/heads/integration/cloud-convergence-20261009
5c3c4a6abb63a40bf00af49d16ade04c59e7cf63	refs/heads/integration/cloud-followup-admission-20261009
bd1661393b71d92779bb405cfb92372442b340ac	refs/heads/integration/cloud-native-checkpoints-20261009
e886d26ebaefafa9189a69517f6707691b53662e	refs/heads/integration/community-release-20261008
6a53578fac029a0696834c30438c858f5f0003be	refs/heads/integration/runtime-release-final-20261009
93818e315c6215d2641c6c01f635ad2e9e761ca2	refs/heads/issue/96
9d9479e842effbcb56d2ec0017c23593d192a56d	refs/heads/master
45e5c60635fa5da5dcc571d7880854d4d8130d4a	refs/heads/matti/fix_keyring_issue_for_win
77a50508a52d55de4570bf973dd43428048b8802	refs/heads/noop
63135817c0f57d01aa15838581d3fee9cfde8629	refs/heads/patchraptor/fix-issue-78
7b4c9253ff35be15f899adb31f2a50d9b397b8d9	refs/heads/patchraptor/fix-template-package-script-mode
fce1da2fcd048a678cdb2e8f16935fd69082bd02	refs/heads/patchraptor/issue-152-authorization
189ae87a137754e84781ae8856ac61ccbee47302	refs/heads/poc/async-actions
02639fd20b8b5ee09a635c04e8cf2fed5ccccc9c	refs/heads/readme-update
71f55ddd1ce34720db0e13433a2f1f5c9eed70a0	refs/heads/release/actions-core-1.0.2-20261009
3c5278bbc0d12efa7b9108c713bdc6c982fc54d9	refs/heads/release/actions-core-1.0.3-20261010
c2733957b047a2acf3d38c1cad7704a4bc69f15b	refs/heads/release/core-1.0.3-community-20261010
7fffa3a53c321a1990819bbe3fc08dca4115e74d	refs/heads/release/http-helper-1.0.2-20261009
1abafea4e08766a71a4f4fe8173101af1e368428	refs/heads/release/http-helper-credential-check-20261009
f2dd54cc35798f7b689f0855b5e3d81263b1b24e	refs/heads/release/http-helper-redirect-fix-20261009
7501198b3cbd834a79c132d398abb5e05c852582	refs/heads/release/package-credential-availability-20261009
17f550ba1fc0c2816b2bcda4a00c69f5691d814c	refs/heads/release/pypi-identity-patches
85f7c91252a49d454a47983d88c942163ff030ba	refs/heads/release/runtime-registry-compatibility-20261009
15696d85bfbfa88938430c9e6a167ea6d02f9ae2	refs/heads/repair/browser-session-20261008
ddbbfb68e3431878f01ebfd61de461ff749dc498	refs/heads/repair/rcc-graceful-retirement-20261009
290e469c35447c7472bcb8ab3241bfa5a63a850d	refs/heads/repair/rcc-trust-context-20261009
72a60344c40e6f153dab0f71b30b073e9b259226	refs/heads/repair/robot-cleanup-ownership-20261009
7d2563925b03bc586cef6d61876960ec1a55d4f0	refs/heads/repair/robot-final-copy-validation-20261009
5f3fbbb5d6b486373032f6136090eeb89434844e	refs/heads/repair/robot-private-staging-20261009
80764aca73d50ff7325f581bb87d732af84df914	refs/heads/repair/worker-exit-protocol-20261009
a8eb7b46f536202f71484d3933d7ed70be103e5c	refs/heads/resume/community-blockers-20261009
5203ea848e14462f546da9c03e73beab406f5863	refs/heads/resume/community-evidence-20261009
3dbfb1bed23834353f5fa7b7b69ca0447898c847	refs/heads/resume/rcc-review-20261009
b690b262c564ed9f085e2df3863af500ff29fddf	refs/heads/resume/robot-native-gates-20261009
554630899c6eab23b922ba6558347e7f2c439c00	refs/heads/resume/tunnel-20261009
49becb96767d4fc225fb9cb79162db9a9d1dafd8	refs/heads/resume/workitems-review-20261009
bdc88f38af21046a2d905e90b2a21a9769152a87	refs/heads/review/community-ledger-20261008
9b3c1a4bf7bbdf06481e60929ff1b40ad55a9ac2	refs/heads/review/core-checkpoint-20261008
65bbc11f2d1ea9a3521d3af5ee908f151861cf25	refs/heads/review/design-checkpoints-20261008
d26fa423080cec22522402f2193b17a5f32b336a	refs/heads/review/runtime-checkpoint-20261008
95ddbe88106be594ea9954bdb36909702c5e2869	refs/heads/review/workitems-checkpoint-20261008
f6a3a92192620dec7dafa057975b39856f4f7909	refs/heads/strategy/release-compatibility-roadmap
13db7030416f7b64f9a577b800a629549e23903e	refs/heads/test/canvas-runtime-bridge-acceptance-20261010
4d9c348a65365ef4e4c26baddada79c754bc8dd1	refs/heads/test/frontend-update-benchmark-20261010
8ef0cce463d1eb9f3228d7658c113ceb6a18d554	refs/heads/test/frozen-catalog-rollback-20261010
4e5f8200628572d5308b0d3abd5ff16353600036	refs/heads/test/frozen-generation-drain-20261010
feeffc29a33fad20b5497d3e8f5e1f06cd8c8369	refs/heads/test/issue-100b-fixture-roundtrip-20261009
9e1059a12456faba64d11313d6dd8f943ad28912	refs/heads/test/mcp-alias-frozen-control-20261010
04b23ea34e1e4525b4dbbc329841b1d13445af30	refs/heads/test/mcp-v2-showcase-protocol-20261009
1b0217c810b7522416003ef8e6d5ded3016d3735	refs/heads/test/native-workitems-ci-20261009
2eaac1c1fe5c53320d647a35dd137f8fd9411f3b	refs/heads/test/rcc-provider-dead-warm-20261009
20bfbfd14fd554a594517dc567f7342da7ce7022	refs/heads/test/rcc-provider-rollback-hosted-20261010
711165f31fe1b463cd0ca73353c2e6666847a7ec	refs/heads/test/robot-package-yaml-admission-20261009
9c2f0df6f54a78d98842082c311f130c6d809797	refs/heads/test/sqlite-commit-admission-regression-20261010
1e795c6c4dbf9ffcb46c0076b08fc5b4908750e6	refs/heads/test/staged-rcc-source-candidate-20261010
274042cd555d0340dc07e86f651986ab49ba85a7	refs/heads/test/tunnel-tls-acceptance-20261009
30bd85ab60b83c46bb9b722ea98036b1e188616e	refs/heads/wip2
